Designator,Mid X,Mid Y,Layer,Rotation
BT1,107.400000mm,-98.000000mm,Top,180.000000
BZ1,116.200000mm,-87.500000mm,Top,0.000000
C1,96.250000mm,-117.000000mm,Top,0.000000
C12,96.400000mm,-125.000000mm,Top,0.000000
C19,93.000000mm,-135.000000mm,Top,0.000000
C2,86.300000mm,-129.500000mm,Top,0.000000
C20,126.500000mm,-82.000000mm,Top,90.000000
C21,133.250000mm,-88.250000mm,Top,90.000000
C22,86.500000mm,-117.250000mm,Top,180.000000
C23,96.400000mm,-128.600000mm,Top,0.000000
C24,88.000000mm,-109.750000mm,Top,0.000000
C25,87.000000mm,-114.750000mm,Top,90.000000
C26,117.250000mm,-108.250000mm,Top,0.000000
C27,123.000000mm,-106.750000mm,Top,90.000000
C28,125.000000mm,-107.000000mm,Top,90.000000
C29,137.000000mm,-88.250000mm,Top,90.000000
C3,92.800000mm,-129.500000mm,Top,0.000000
C30,108.500000mm,-113.500000mm,Top,90.000000
C31,127.500000mm,-107.500000mm,Top,90.000000
C32,126.250000mm,-124.500000mm,Top,90.000000
C33,131.500000mm,-107.500000mm,Top,90.000000
C34,92.000000mm,-95.250000mm,Top,90.000000
C35,103.400000mm,-107.600000mm,Top,90.000000
C36,96.400000mm,-123.200000mm,Top,0.000000
C37,99.500000mm,-111.000000mm,Top,90.000000
C38,101.300000mm,-111.000000mm,Top,90.000000
C39,119.400000mm,-126.500000mm,Top,90.000000
C4,86.300000mm,-119.000000mm,Top,0.000000
C40,141.600000mm,-112.100000mm,Top,90.000000
C41,134.100000mm,-134.600000mm,Top,90.000000
C42,132.000000mm,-134.600000mm,Top,90.000000
C44,111.700000mm,-125.300000mm,Top,-90.000000
C5,96.250000mm,-115.250000mm,Top,0.000000
C6,96.500000mm,-113.250000mm,Top,0.000000
C9,96.400000mm,-126.800000mm,Top,0.000000
D1,139.000000mm,-84.500000mm,Top,0.000000
D2,127.250000mm,-88.000000mm,Top,90.000000
D3,126.250000mm,-97.750000mm,Top,90.000000
D4,135.500000mm,-97.500000mm,Top,0.000000
D_VSYS1,140.400000mm,-81.500000mm,Top,180.000000
FB1,86.300000mm,-131.200000mm,Top,0.000000
FB2,130.200000mm,-134.600000mm,Top,90.000000
J_BAT1,100.500000mm,-52.500000mm,Top,180.000000
J_DEBUG1,125.460000mm,-52.000000mm,Top,90.000000
J_IMU_A1,102.500000mm,-134.620000mm,Top,180.000000
J_IMU_B1,121.000000mm,-134.620000mm,Top,180.000000
J_OLED1,88.200000mm,-95.700000mm,Top,90.000000
J_POT1,135.500000mm,-93.000000mm,Top,180.000000
J_PWR1,110.000000mm,-53.000000mm,Top,0.000000
J_SD1,136.275000mm,-123.875000mm,Top,90.000000
L_FORK_CMC1,131.100000mm,-102.375000mm,Top,180.000000
L_SHOCK_CMC1,140.100000mm,-102.475000mm,Top,180.000000
Q_RP1,105.030000mm,-51.300000mm,Top,180.000000
R1,89.500000mm,-119.000000mm,Top,0.000000
R14,99.600000mm,-125.000000mm,Top,0.000000
R15,102.800000mm,-128.600000mm,Top,0.000000
R19,130.000000mm,-88.250000mm,Top,90.000000
R2,90.200000mm,-131.200000mm,Top,0.000000
R20,135.250000mm,-88.250000mm,Top,90.000000
R25,122.750000mm,-113.500000mm,Top,90.000000
R26,122.750000mm,-110.250000mm,Top,90.000000
R27,94.250000mm,-108.500000mm,Top,90.000000
R28,97.750000mm,-107.250000mm,Top,90.000000
R29,111.250000mm,-86.000000mm,Top,90.000000
R3,92.700000mm,-119.000000mm,Top,0.000000
R31,126.250000mm,-121.250000mm,Top,90.000000
R32,99.500000mm,-107.600000mm,Top,90.000000
R33,101.300000mm,-107.600000mm,Top,90.000000
R34,102.800000mm,-123.200000mm,Top,0.000000
R35,99.600000mm,-123.200000mm,Top,0.000000
R36,105.500000mm,-107.600000mm,Top,90.000000
R37,107.200000mm,-107.600000mm,Top,90.000000
R38,89.600000mm,-129.500000mm,Top,180.000000
R39,138.000000mm,-112.100000mm,Top,90.000000
R40,139.800000mm,-112.100000mm,Top,90.000000
R41,119.500000mm,-56.050000mm,Top,0.000000
R42,116.000000mm,-56.050000mm,Top,0.000000
R43,95.000000mm,-55.250000mm,Top,90.000000
R44,110.400000mm,-81.200000mm,Top,0.000000
R45,131.300000mm,-81.200000mm,Top,0.000000
R46,134.500000mm,-81.200000mm,Top,0.000000
R47,105.300000mm,-54.600000mm,Top,-90.000000
R48,126.500000mm,-129.725000mm,Top,-90.000000
R8,99.600000mm,-126.800000mm,Top,0.000000
R9,99.600000mm,-128.600000mm,Top,0.000000
SW_L1,87.700000mm,-103.700000mm,Top,90.000000
SW_R1,93.950000mm,-103.700000mm,Top,90.000000
U1,143.400000mm,-59.800000mm,Top,-90.000000
U2,90.860000mm,-124.280000mm,Top,180.000000
U3,115.650000mm,-116.555000mm,Top,0.000000
U_AAF1,103.200000mm,-117.500000mm,Top,0.000000
U_ANA_LDO1,91.350000mm,-114.050000mm,Top,180.000000
U_CLKBUF1,132.500000mm,-112.100000mm,Top,0.000000
U_DIV1,115.300000mm,-126.500000mm,Top,90.000000
Y1,93.140000mm,-132.300000mm,Top,180.000000
